epoch,time,train/box_loss,train/cls_loss,train/dfl_loss,train/angle_loss,metrics/precision(B),metrics/recall(B),metrics/mAP50(B),metrics/mAP50-95(B),val/box_loss,val/cls_loss,val/dfl_loss,val/angle_loss,lr/pg0,lr/pg1,lr/pg2,lr/pg3,lr/pg4,lr/pg5,lr/pg6,lr/pg7
1,3693.02,1.19533,1.41359,1.48716,0.0569,0.49389,0.49489,0.43837,0.32758,0.8745,0.83752,1.08268,0.02055,0.00999111,0.00333037,0.00999111,0.00333037,0.00999111,0.00333037,0.00999111,0.00333037
2,8719.72,0.90197,0.82438,1.07436,0.02492,0.54328,0.51757,0.49287,0.37565,0.80131,0.74423,1.02455,0.01418,0.0197932,0.00659773,0.0197932,0.00659773,0.0197932,0.00659773,0.0197932,0.00659773
